City_ID,City,Country,Date,Lat,Lng,Max Temp,Humidity,Cloudiness,Wind Speed
0,Mataura,NZ,2021-11-09 11:58:57,-46.1927,168.8643,56.23,76,100,2.01
1,San Patricio,US,2021-11-09 11:58:58,28.017,-97.5169,73.24,80,87,5.12
2,Awbari,LY,2021-11-09 11:58:58,26.5921,12.7805,83.62,13,100,7.56
3,Ushuaia,AR,2021-11-09 11:58:58,-54.8,-68.3,46.06,61,0,5.75
4,Bluff,NZ,2021-11-09 11:58:59,-46.6,168.3333,55.72,88,100,4.23
5,Jamestown,US,2021-11-09 11:58:59,42.097,-79.2353,50.52,54,91,3.0
6,Puerto Ayora,EC,2021-11-09 11:59:00,-0.7393,-90.3518,68.52,85,77,8.55
7,Hasaki,JP,2021-11-09 11:59:00,35.7333,140.8333,66.49,88,85,15.12
8,Kinshasa,CD,2021-11-09 11:59:00,-4.3246,15.3215,91.78,55,20,6.91
9,Hobart,AU,2021-11-09 11:57:44,-42.8794,147.3294,54.01,91,75,8.05
10,Iqaluit,CA,2021-11-09 11:59:01,63.7506,-68.5145,11.93,85,75,11.01
11,New Norfolk,AU,2021-11-09 11:59:02,-42.7826,147.0587,53.65,79,100,1.57
12,Broome,US,2021-11-09 11:59:02,42.2506,-75.833,48.56,86,5,1.01
13,San Quintin,MX,2021-11-09 11:59:03,30.4833,-115.95,59.32,86,16,9.51
14,Kanniyakumari,IN,2021-11-09 11:59:03,8.0833,77.5667,78.94,80,100,9.31
15,Kaitangata,NZ,2021-11-09 11:59:03,-46.2817,169.8464,53.4,97,100,1.54
16,Port Alfred,ZA,2021-11-09 11:59:04,-33.5906,26.891,68.56,57,15,15.52
17,Tasiilaq,GL,2021-11-09 11:59:04,65.6145,-37.6368,26.69,68,100,7.14
18,Korla,CN,2021-11-09 11:59:04,41.7597,86.1469,33.69,27,20,2.82
19,Hovd,MN,2021-11-09 11:59:05,48.0056,91.6419,22.6,44,0,0.11
20,Hit,IQ,2021-11-09 11:59:05,33.6416,42.8251,78.94,18,6,6.76
21,Arica,CL,2021-11-09 11:59:06,-18.475,-70.3042,64.63,68,90,2.3
22,Matamoros,MX,2021-11-09 11:59:06,25.5333,-103.25,59.77,53,98,0.56
23,Fort Nelson,CA,2021-11-09 11:59:07,58.8053,-122.7002,18.99,100,90,4.61
24,Cape Town,ZA,2021-11-09 11:58:26,-33.9258,18.4232,75.11,46,20,3.0
25,Ciudad Bolivar,VE,2021-11-09 11:59:07,8.1222,-63.5497,77.86,78,43,9.17
26,Atuona,PF,2021-11-09 11:58:33,-9.8,-139.0333,77.61,75,10,14.76
27,Vaini,TO,2021-11-09 11:59:08,-21.2,-175.2,75.36,100,90,3.44
28,Chokurdakh,RU,2021-11-09 11:59:08,70.6333,147.9167,-10.8,94,88,7.58
29,Guerrero Negro,MX,2021-11-09 11:59:08,27.9769,-114.0611,60.87,87,1,8.66
30,Chauk,MM,2021-11-09 11:59:09,20.8833,94.8167,79.63,64,37,5.3
31,Katsuura,JP,2021-11-09 11:59:09,35.1333,140.3,65.19,85,53,18.39
32,Zabol,AF,2021-11-09 11:59:09,32.25,67.25,57.81,26,2,17.9
33,Ocampo,MX,2021-11-09 11:59:11,21.65,-101.5,42.51,73,56,4.12
34,Cayenne,GF,2021-11-09 11:59:11,4.9333,-52.3333,78.84,89,75,8.01
35,Punta Arenas,CL,2021-11-09 11:59:11,-53.15,-70.9167,44.62,81,0,5.75
36,Luderitz,NA,2021-11-09 11:59:12,-26.6481,15.1594,75.36,45,0,24.85
37,Bluefield,US,2021-11-09 11:59:12,37.2698,-81.2223,49.78,52,25,3.27
38,Belyy Yar,RU,2021-11-09 11:59:12,53.6039,91.3903,33.69,55,80,2.24
39,Northam,GB,2021-11-09 11:59:13,51.0333,-4.2167,58.62,89,76,14.16
40,Khatanga,RU,2021-11-09 11:59:13,71.9667,102.5,3.06,96,96,9.24
41,Mar Del Plata,AR,2021-11-09 11:54:58,-38.0023,-57.5575,62.1,81,75,1.99
42,Byron Bay,AU,2021-11-09 11:59:14,-28.65,153.6167,73.35,88,15,6.87
43,Villamontes,BO,2021-11-09 11:59:14,-21.25,-63.5,72.84,88,90,0.0
44,Albany,US,2021-11-09 11:59:15,42.6001,-73.9662,48.54,89,0,3.58
45,Salalah,OM,2021-11-09 11:59:15,17.0151,54.0924,83.07,54,6,6.98
46,Haines Junction,CA,2021-11-09 11:59:15,60.7522,-137.5108,10.35,85,98,1.14
47,Palana,RU,2021-11-09 11:59:15,59.1167,159.9667,18.57,81,71,9.75
48,Molepolole,BW,2021-11-09 11:59:16,-24.4066,25.4951,80.74,11,70,2.8
49,Norman Wells,CA,2021-11-09 12:00:17,65.282,-126.8329,2.08,97,88,5.37
50,Provideniya,RU,2021-11-09 12:00:20,64.3833,-173.3,13.32,75,16,5.21
51,Port Elizabeth,ZA,2021-11-09 12:00:17,-33.918,25.5701,71.1,55,0,13.49
52,Tuatapere,NZ,2021-11-09 12:00:22,-46.1333,167.6833,54.1,90,100,3.18
53,Arraial Do Cabo,BR,2021-11-09 12:00:22,-22.9661,-42.0278,71.92,80,100,8.28
54,Ormara,PK,2021-11-09 12:00:23,25.2088,64.6357,82.76,43,6,8.88
55,Esperance,AU,2021-11-09 12:00:24,-33.8667,121.9,56.89,61,98,17.63
56,San Policarpo,PH,2021-11-09 12:00:24,12.1791,125.5072,81.32,84,100,12.95
57,Aklavik,CA,2021-11-09 12:00:25,68.2191,-135.0107,6.21,97,100,4.12
58,Daloa,CI,2021-11-09 12:00:26,6.8774,-6.4502,90.46,48,23,3.53
59,Betare Oya,CM,2021-11-09 12:00:26,5.6,14.0833,87.37,45,97,4.21
60,Nkhata Bay,MW,2021-11-09 12:00:27,-11.6066,34.2907,89.04,35,66,4.23
61,Cejkovice,CZ,2021-11-09 12:00:28,48.9059,16.9423,54.84,55,10,4.97
62,Zhigansk,RU,2021-11-09 12:00:28,66.7697,123.3711,16.45,94,100,17.63
63,Nizwa,OM,2021-11-09 12:00:29,22.9333,57.5333,86.97,18,5,4.21
64,Lagoa,PT,2021-11-09 12:00:29,39.05,-27.9833,64.67,81,71,3.6
65,Tuktoyaktuk,CA,2021-11-09 12:00:30,69.4541,-133.0374,8.56,96,90,6.85
66,Rikitea,PF,2021-11-09 12:00:30,-23.1203,-134.9692,74.7,75,94,12.97
67,Yinchuan,CN,2021-11-09 11:57:16,38.4681,106.2731,32.99,42,0,4.0
68,Mahebourg,MU,2021-11-09 12:00:31,-20.4081,57.7,80.26,72,47,9.46
69,Dingle,PH,2021-11-09 12:00:31,10.9995,122.6711,78.67,90,100,8.41
70,Honningsvag,NO,2021-11-09 12:00:32,70.9821,25.9704,30.02,65,100,20.96
71,Orlik,RU,2021-11-09 12:00:32,52.5178,99.825,14.5,86,68,3.29
72,Mazatlan,MX,2021-11-09 11:56:46,23.2167,-106.4167,74.91,92,98,1.01
73,Te Anau,NZ,2021-11-09 12:00:32,-45.4167,167.7167,51.06,92,100,1.72
74,Rabat,MA,2021-11-09 11:55:38,33.9911,-6.8401,69.21,63,3,3.44
75,Naze,JP,2021-11-09 12:00:33,28.3667,129.4833,61.57,63,77,15.68
76,Talnakh,RU,2021-11-09 12:00:33,69.4865,88.3972,8.83,96,100,5.26
77,Tiksi,RU,2021-11-09 12:00:34,71.6872,128.8694,15.57,87,100,8.72
78,Maldonado,UY,2021-11-09 12:00:34,-34.6667,-54.9167,65.23,65,4,7.81
79,Longyearbyen,SJ,2021-11-09 12:00:35,78.2186,15.6401,30.04,74,90,2.3
80,Barrow,US,2021-11-09 12:00:35,71.2906,-156.7887,12.83,96,99,7.96
81,Deputatskiy,RU,2021-11-09 12:00:35,69.3,139.9,-12.05,91,77,2.75
82,Buraydah,SA,2021-11-09 12:00:36,26.326,43.975,80.4,11,4,5.97
83,Narsaq,GL,2021-11-09 12:00:36,60.9167,-46.05,21.42,76,12,6.22
84,Viedma,AR,2021-11-09 12:00:37,-40.8135,-62.9967,61.59,43,4,13.6
85,Mount Gambier,AU,2021-11-09 12:00:37,-37.8333,140.7667,50.22,85,95,6.98
86,Qaanaaq,GL,2021-11-09 12:00:38,77.484,-69.3632,2.75,58,3,7.11
87,Pisco,PE,2021-11-09 11:55:40,-13.7,-76.2167,62.65,77,90,4.61
88,Upernavik,GL,2021-11-09 12:00:38,72.7868,-56.1549,16.34,93,100,14.09
89,Bintulu,MY,2021-11-09 12:00:38,3.1667,113.0333,80.62,83,100,3.74
90,Saint-Philippe,RE,2021-11-09 12:00:39,-21.3585,55.7679,81.99,82,36,8.99
91,Sur,OM,2021-11-09 12:00:40,22.5667,59.5289,81.14,49,2,14.7
92,San Cristobal,VE,2021-11-09 12:00:40,7.7669,-72.225,69.19,87,67,0.51
93,Santa Maria,BR,2021-11-09 12:01:41,-29.6842,-53.8069,67.69,57,0,8.66
94,Tual,ID,2021-11-09 12:01:41,-5.6667,132.75,84.97,74,58,10.47
95,Bambous Virieux,MU,2021-11-09 12:01:41,-20.3428,57.7575,80.22,71,56,10.02
96,Cap Malheureux,MU,2021-11-09 12:01:12,-19.9842,57.6142,80.47,70,38,8.01
97,Kruisfontein,ZA,2021-11-09 12:01:42,-34.0033,24.7314,68.88,39,0,13.15
98,Klaksvik,FO,2021-11-09 12:01:42,62.2266,-6.589,41.92,77,38,39.5
99,Eyl,SO,2021-11-09 12:01:43,7.9803,49.8164,83.61,56,31,16.37
100,Syracuse,IT,2021-11-09 12:01:43,37.0881,15.2792,73.45,79,100,5.77
101,Kapaa,US,2021-11-09 12:01:43,22.0752,-159.319,71.11,59,99,1.01
102,Kimbe,PG,2021-11-09 12:01:44,-5.5502,150.1429,78.24,88,68,4.03
103,Georgetown,MY,2021-11-09 12:00:42,5.4112,100.3354,80.53,92,40,8.05
104,Pangody,RU,2021-11-09 12:01:44,65.85,74.4859,4.44,97,56,4.65
105,Fortuna,US,2021-11-09 12:01:45,40.5982,-124.1573,55.74,73,90,5.99
106,Basco,PH,2021-11-09 12:01:45,20.4487,121.9702,77.67,80,100,27.27
107,Leninskiy,RU,2021-11-09 12:01:45,54.2781,37.4558,33.04,64,100,15.68
108,Belmonte,BR,2021-11-09 12:01:46,-15.8631,-38.8828,77.5,68,98,3.2
109,Kahului,US,2021-11-09 12:01:46,20.8947,-156.47,75.85,85,99,5.01
110,Avarua,CK,2021-11-09 12:01:47,-21.2078,-159.775,73.45,83,75,9.22
111,Sterling,US,2021-11-09 11:59:44,39.0062,-77.4286,53.19,86,1,0.0
112,Ketchikan,US,2021-11-09 12:01:47,55.3422,-131.6461,43.27,75,90,10.36
113,Laguna,US,2021-11-09 12:01:48,38.421,-121.4238,57.4,86,90,4.0
114,Srednekolymsk,RU,2021-11-09 12:01:48,67.45,153.6833,-18.36,100,11,2.3
115,Gupitan,PH,2021-11-09 12:01:48,7.7758,125.6406,75.65,96,100,3.13
116,Preobrazheniye,RU,2021-11-09 12:01:49,42.9019,133.9064,37.94,70,49,2.26
117,Harper,LR,2021-11-09 12:01:49,4.375,-7.7169,80.58,82,68,5.12
118,Butaritari,KI,2021-11-09 12:01:49,3.0707,172.7902,82.09,74,98,14.43
119,Piraquara,BR,2021-11-09 12:01:50,-25.4417,-49.0633,65.79,86,100,1.01
120,Ouadda,CF,2021-11-09 12:01:50,8.0777,22.4007,91.36,34,45,4.54
121,Xuddur,SO,2021-11-09 12:01:50,4.1213,43.8894,92.28,27,17,11.23
122,Lasa,IT,2021-11-09 12:01:50,46.6166,10.7002,48.02,62,0,4.36
123,Alofi,NU,2021-11-09 12:01:51,-19.0595,-169.9187,77.43,84,80,16.89
124,Ostrovnoy,RU,2021-11-09 12:01:51,68.0531,39.5131,22.57,89,100,8.48
125,Mayumba,GA,2021-11-09 12:01:52,-3.432,10.6554,81.37,75,96,7.02
126,Hargeysa,SO,2021-11-09 12:00:21,9.56,44.065,77.65,35,29,17.76
127,Nalut,LY,2021-11-09 12:01:52,30.3333,10.85,64.18,67,100,11.27
128,Leo,BF,2021-11-09 12:01:53,11.1,-2.1,97.61,23,13,2.44
129,Hofn,IS,2021-11-09 12:01:53,64.2539,-15.2082,42.46,95,100,38.18
130,Hermanus,ZA,2021-11-09 12:01:53,-34.4187,19.2345,74.89,57,44,10.02
131,Vao,NC,2021-11-09 12:01:54,-22.6667,167.4833,73.15,88,93,9.17
132,Dunedin,NZ,2021-11-09 11:59:36,-45.8742,170.5036,57.79,90,100,5.17
133,Nikolskoye,RU,2021-11-09 12:01:54,59.7035,30.7861,32.88,65,7,4.68
134,East London,ZA,2021-11-09 12:01:54,-33.0153,27.9116,67.91,63,45,12.3
135,Baykit,RU,2021-11-09 12:01:55,61.67,96.37,25.52,94,98,6.64
136,Los Llanos De Aridane,ES,2021-11-09 12:01:55,28.6585,-17.9182,69.55,65,40,13.0
137,Castro,BR,2021-11-09 12:01:41,-24.7911,-50.0119,64.74,82,92,5.32
138,Sakakah,SA,2021-11-09 12:01:56,29.9697,40.2064,73.65,7,2,5.5
139,Raudeberg,NO,2021-11-09 12:01:56,61.9875,5.1352,51.4,81,64,8.01
140,Saint Anthony,US,2021-11-09 12:02:57,45.0205,-93.218,39.72,77,1,0.0
141,Thompson,CA,2021-11-09 12:02:58,55.7435,-97.8558,27.48,73,9,10.38
142,Riyadh,SA,2021-11-09 12:02:31,24.6877,46.7219,80.55,18,5,1.77
143,Rocha,UY,2021-11-09 12:02:58,-34.4833,-54.3333,65.91,62,10,7.16
144,Muros,ES,2021-11-09 12:02:58,42.7762,-9.0603,69.24,68,1,7.38
145,Khani,GE,2021-11-09 12:02:59,41.9563,42.9566,67.57,45,43,1.61
146,Morehead,US,2021-11-09 12:02:59,37.2711,-87.1764,45.0,100,1,0.0
147,Carnarvon,AU,2021-11-09 12:02:59,-24.8667,113.6333,67.69,71,1,23.85
148,Fairbanks,US,2021-11-09 12:00:33,64.8378,-147.7164,1.98,74,51,4.0
149,Kodiak,US,2021-11-09 12:03:00,57.79,-152.4072,30.29,80,16,5.23
150,Kilindoni,TZ,2021-11-09 12:03:00,-7.9139,39.6668,82.67,69,67,8.88
151,Sitka,US,2021-11-09 12:03:00,57.0531,-135.33,44.49,53,90,19.57
152,Bethel,US,2021-11-09 12:01:08,41.3712,-73.414,52.92,90,0,3.42
153,Dikson,RU,2021-11-09 12:03:01,73.5069,80.5464,8.15,94,100,8.43
154,Bredasdorp,ZA,2021-11-09 12:03:02,-34.5322,20.0403,68.29,35,28,10.45
155,Gizo,SB,2021-11-09 12:03:02,-8.103,156.8419,83.37,72,32,4.92
156,Lebu,CL,2021-11-09 12:03:03,-37.6167,-73.65,54.43,89,100,9.84
157,Haelen,NL,2021-11-09 12:03:04,51.2358,5.9569,56.43,68,61,6.69
158,Lakhdenpokhya,RU,2021-11-09 12:03:04,61.5198,30.1992,29.82,71,26,4.32
159,Vostochnyy,RU,2021-11-09 12:03:05,55.8167,37.8667,31.93,62,60,14.94
160,Biscarrosse,FR,2021-11-09 12:03:05,44.3945,-1.1672,57.49,62,0,8.05
161,Walvis Bay,NA,2021-11-09 11:59:47,-22.9575,14.5053,81.55,32,6,9.22
162,Chara,RU,2021-11-09 12:03:05,56.9064,118.2631,13.3,79,35,1.99
163,Berdigestyakh,RU,2021-11-09 12:03:06,62.0989,126.6992,27.46,97,100,6.96
164,Yellowknife,CA,2021-11-09 12:01:15,62.456,-114.3525,20.41,94,57,5.99
165,Cabo San Lucas,MX,2021-11-09 11:58:24,22.8909,-109.9124,80.51,52,99,8.63
166,Saint-Pierre,RE,2021-11-09 12:03:06,-21.3393,55.4781,82.08,65,0,18.41
167,Olavarria,AR,2021-11-09 12:03:07,-36.8927,-60.3225,58.01,81,92,11.39
168,La Ronge,CA,2021-11-09 12:03:07,55.1001,-105.2842,25.54,79,6,8.05
169,Sistranda,NO,2021-11-09 12:03:07,63.7256,8.834,48.9,81,89,25.57
170,Bowen,AU,2021-11-09 12:03:08,-20.0167,148.2333,79.9,82,100,8.84
171,Lima,PE,2021-11-09 12:00:43,-12.0432,-77.0282,63.9,85,91,5.64
172,Anaconda,US,2021-11-09 12:03:08,46.1285,-112.9423,25.77,53,82,5.61
173,Coihaique,CL,2021-11-09 12:01:02,-45.5752,-72.0662,58.98,58,1,2.1
174,Hithadhoo,MV,2021-11-09 12:03:08,-0.6,73.0833,83.17,74,84,18.03
175,Pucara,PE,2021-11-09 12:03:09,-15.9803,-71.4606,39.87,11,100,2.84
176,El Dorado,US,2021-11-09 12:03:09,38.7666,-120.5177,52.79,97,100,1.99
177,Bethanien,NA,2021-11-09 12:03:10,-26.502,17.1583,81.91,11,23,11.7
178,Hilo,US,2021-11-09 11:58:18,19.7297,-155.09,79.29,81,82,3.0
179,Pevek,RU,2021-11-09 12:03:10,69.7008,170.3133,0.99,95,86,3.85
180,Meulaboh,ID,2021-11-09 12:03:10,4.1363,96.1285,79.34,80,82,4.52
181,Ilebo,CD,2021-11-09 12:03:11,-4.3167,20.5833,99.64,30,95,2.15
182,Busselton,AU,2021-11-09 12:02:55,-33.65,115.3333,58.08,60,30,9.78
183,Taybad,IR,2021-11-09 12:03:12,34.74,60.7756,56.86,25,0,7.05
184,Soria,ES,2021-11-09 12:03:12,41.6667,-2.6667,51.85,33,15,8.19
185,Victor Harbor,AU,2021-11-09 12:03:12,-35.5667,138.6167,59.09,78,100,1.01
186,Saint-Francois,FR,2021-11-09 12:03:13,46.4154,3.9054,47.68,93,75,4.61
187,Sibolga,ID,2021-11-09 12:04:13,1.7427,98.7792,78.48,85,19,2.57
188,Pangnirtung,CA,2021-11-09 12:04:14,66.1451,-65.7125,2.25,73,17,6.17
189,Kamenka,RU,2021-11-09 12:04:14,51.3223,42.7678,41.81,54,74,15.68
190,Yumen,CN,2021-11-09 12:04:14,40.2833,97.2,21.16,55,90,7.18
191,Sao Filipe,CV,2021-11-09 12:04:15,14.8961,-24.4956,77.36,73,100,5.79
192,Mount Isa,AU,2021-11-09 12:00:54,-20.7333,139.5,82.17,57,78,4.61
193,Areosa,PT,2021-11-09 12:04:15,41.7178,-8.8571,69.33,64,3,5.1
194,Kavaratti,IN,2021-11-09 12:04:15,10.5669,72.642,82.17,66,86,9.48
195,Belaya Gora,RU,2021-11-09 12:04:16,68.5333,146.4167,-17.99,100,34,2.15
196,Along,IN,2021-11-09 12:04:16,28.1667,94.7667,64.69,61,1,1.52
197,Airai,TL,2021-11-09 12:04:17,-8.9266,125.4092,64.98,93,100,1.39
198,Husavik,IS,2021-11-09 12:04:17,66.0449,-17.3389,30.04,81,42,4.81
199,Bronnoysund,NO,2021-11-09 12:04:17,65.4625,12.1997,44.67,93,75,21.85
200,Bathsheba,BB,2021-11-09 12:04:18,13.2167,-59.5167,81.77,70,57,14.32
201,Atar,MR,2021-11-09 12:00:33,20.5169,-13.0499,87.3,11,99,8.9
202,Tessalit,ML,2021-11-09 12:04:18,20.1986,1.0114,80.13,15,12,13.6
203,Pochutla,MX,2021-11-09 12:04:19,15.7432,-96.4661,71.42,59,7,4.43
204,Yerbogachen,RU,2021-11-09 12:04:19,61.2767,108.0108,25.56,91,100,13.2
205,High Level,CA,2021-11-09 12:04:19,58.5169,-117.136,15.87,85,45,8.5
206,Chumphon,TH,2021-11-09 12:04:20,10.3333,98.8333,73.13,94,100,4.25
207,Yilan,TW,2021-11-09 12:04:20,24.757,121.753,63.09,75,94,2.37
208,Bengkulu,ID,2021-11-09 12:04:20,-3.8004,102.2655,78.69,88,93,8.14
209,Taltal,CL,2021-11-09 12:01:08,-25.4,-70.4833,61.54,69,45,3.78
210,College,US,2021-11-09 12:04:21,64.8569,-147.8028,13.66,76,40,5.75
211,Werda,BW,2021-11-09 12:04:21,-25.2667,23.2833,83.75,10,0,5.06
212,Ipswich,GB,2021-11-09 12:01:09,52.0592,1.1555,60.1,76,100,11.97
213,Matay,EG,2021-11-09 12:04:22,28.419,30.7792,89.65,12,0,5.73
214,Prince Rupert,CA,2021-11-09 12:04:22,54.3161,-130.3201,36.88,83,100,7.16
215,Rio Branco Do Sul,BR,2021-11-09 12:04:23,-25.19,-49.3142,65.82,98,100,2.33
216,Chuy,UY,2021-11-09 12:03:50,-33.6971,-53.4616,66.22,63,40,4.85
217,Solnechnyy,RU,2021-11-09 12:04:23,50.7214,136.6319,23.04,94,100,7.29
218,Tomatlan,MX,2021-11-09 12:04:24,19.9333,-105.25,69.85,90,10,2.95
219,Bedesa,ET,2021-11-09 12:04:24,8.9,40.7833,71.47,48,73,3.56
220,Innisfail,AU,2021-11-09 12:01:04,-17.5333,146.0333,78.58,88,91,3.65
221,Hambantota,LK,2021-11-09 12:04:25,6.1241,81.1185,80.29,75,100,2.19
222,Mandalgarh,IN,2021-11-09 12:04:25,25.2,75.1,78.6,24,11,2.82
223,Ahipara,NZ,2021-11-09 12:04:25,-35.1667,173.1667,57.88,91,91,1.5
224,Kiruna,SE,2021-11-09 12:04:27,67.8557,20.2251,20.32,93,90,10.36
225,Muzhi,RU,2021-11-09 12:04:27,65.3667,64.6667,14.63,91,99,4.94
226,Simoes,BR,2021-11-09 12:04:28,-7.5989,-40.8178,81.09,60,74,8.25
227,Bara,NG,2021-11-09 12:04:28,10.3744,10.7288,96.42,25,13,4.38
228,Hamilton,US,2021-11-09 12:03:34,39.1834,-84.5333,51.24,78,20,9.22
229,Shimoda,JP,2021-11-09 12:04:28,34.6667,138.95,61.11,85,64,15.99
230,Makakilo City,US,2021-11-09 12:02:02,21.3469,-158.0858,73.69,75,81,7.7
231,Ust-Koksa,RU,2021-11-09 12:04:29,50.2696,85.6108,20.05,85,98,1.28
232,Dzhebariki-Khaya,RU,2021-11-09 12:04:29,62.2167,135.8,13.86,96,99,3.87
233,Port Hardy,CA,2021-11-09 12:01:05,50.6996,-127.4199,36.18,98,100,8.14
234,Saskylakh,RU,2021-11-09 12:05:30,71.9167,114.0833,-19.32,100,55,4.79
235,Gualeguay,AR,2021-11-09 12:05:30,-33.1416,-59.3097,75.67,40,1,3.36
236,Russell,US,2021-11-09 12:05:31,32.3502,-85.1999,43.83,87,1,0.0
237,Kloulklubed,PW,2021-11-09 12:05:31,7.0419,134.2556,81.1,75,95,14.88
238,Hami,CN,2021-11-09 12:05:32,42.8,93.45,29.57,52,2,2.53
239,Sawakin,SD,2021-11-09 12:05:32,19.1059,37.3321,87.57,56,4,11.5
240,Champerico,GT,2021-11-09 12:05:32,14.3,-91.9167,74.03,78,60,4.88
241,Westport,US,2021-11-09 12:05:33,41.1415,-73.3579,54.95,100,1,0.0
242,Kudahuvadhoo,MV,2021-11-09 12:05:33,2.6708,72.8944,82.67,75,76,18.72
243,Lockport,US,2021-11-09 12:00:44,41.5895,-88.0578,55.83,94,40,8.05
244,Flinders,AU,2021-11-09 12:05:33,-34.5833,150.8552,66.2,92,21,6.58
245,Taunggyi,MM,2021-11-09 12:05:34,20.7833,97.0333,63.25,91,33,0.96
246,Hervey Bay,AU,2021-11-09 12:03:18,-25.2986,152.8535,75.02,90,99,16.06
247,Ambulu,ID,2021-11-09 12:05:34,-8.345,113.6058,78.85,90,97,1.86
248,Veraval,IN,2021-11-09 12:05:34,20.9,70.3667,84.92,46,83,7.81
249,Borba,BR,2021-11-09 12:05:35,-4.3878,-59.5939,74.52,97,100,1.23
250,Wageningen,NL,2021-11-09 12:05:35,51.9667,5.6667,54.18,80,90,10.36
251,Avera,US,2021-11-09 12:05:36,33.194,-82.5271,48.07,53,0,3.15
252,Gorno-Altaysk,RU,2021-11-09 12:05:36,51.9561,85.955,26.74,91,97,4.07
253,Severo-Kurilsk,RU,2021-11-09 12:05:36,50.6789,156.125,34.61,74,82,4.85
254,Mecca,SA,2021-11-09 12:05:37,21.4267,39.8261,94.37,22,0,13.89
255,Sinnamary,GF,2021-11-09 12:05:37,5.3833,-52.95,81.81,75,81,10.51
256,Luganville,VU,2021-11-09 12:05:37,-15.5333,167.1667,79.21,85,16,7.23
257,Neiafu,TO,2021-11-09 12:05:38,-18.65,-173.9833,77.68,94,20,0.0
258,Castle Rock,US,2021-11-09 12:05:38,39.3722,-104.8561,43.83,82,3,1.99
259,Dukat,RU,2021-11-09 12:05:39,62.55,155.55,-10.48,89,5,3.62
260,Timbiras,BR,2021-11-09 12:05:39,-4.2553,-43.9406,73.92,98,100,3.11
261,Lucea,JM,2021-11-09 12:05:39,18.451,-78.1736,76.86,82,81,11.41
262,Pinehurst,US,2021-11-09 12:05:40,35.1954,-79.4695,43.48,83,1,0.0
263,Sabang,ID,2021-11-09 12:05:40,5.8933,95.3214,81.46,79,94,6.53
264,Banda Aceh,ID,2021-11-09 12:05:40,5.5577,95.3222,80.44,83,100,8.34
265,Tinskoy,RU,2021-11-09 12:05:41,56.1525,96.9161,30.29,85,93,7.58
266,Clyde River,CA,2021-11-09 12:05:41,70.4692,-68.5914,0.54,88,41,6.58
267,Shingu,JP,2021-11-09 12:05:42,33.7333,135.9833,54.23,82,22,8.12
268,Ribeira Grande,PT,2021-11-09 12:05:42,38.5167,-28.7,66.6,82,20,3.44
269,Bafilo,TG,2021-11-09 12:05:42,9.35,1.2667,94.06,34,8,1.81
270,Biak,ID,2021-11-09 12:05:43,-0.9131,122.8766,77.74,86,99,1.79
271,Aasiaat,GL,2021-11-09 12:05:43,68.7098,-52.8699,-3.66,99,75,9.69
272,Emerald,AU,2021-11-09 12:05:43,-23.5333,148.1667,74.34,86,46,8.72
273,Himeji,JP,2021-11-09 12:01:17,34.8167,134.7,58.37,63,93,12.26
274,Saldanha,ZA,2021-11-09 12:05:44,-33.0117,17.9442,64.98,56,17,13.13
275,Rancho Palos Verdes,US,2021-11-09 12:05:44,33.7445,-118.387,58.53,93,91,3.0
276,Puerto Madryn,AR,2021-11-09 12:05:44,-42.7692,-65.0385,57.92,56,0,16.2
277,Mosquera,CO,2021-11-09 12:05:44,4.7059,-74.2302,55.49,88,75,4.61
278,Rawson,AR,2021-11-09 12:05:45,-43.3002,-65.1023,58.55,49,3,16.51
279,Uglovskoye,RU,2021-11-09 12:05:45,51.3557,80.1942,28.53,68,52,8.81
280,Quatre Cocos,MU,2021-11-09 12:05:46,-20.2078,57.7625,80.1,72,67,10.69
281,Chumikan,RU,2021-11-09 12:06:46,54.7183,135.315,27.41,90,100,11.34
282,Ilo,PE,2021-11-09 12:06:46,-17.6394,-71.3375,65.28,77,98,6.17
283,Karimganj,IN,2021-11-09 12:06:47,24.8667,92.35,72.37,76,8,4.59
284,Forestville,US,2021-11-09 12:06:47,38.8451,-76.875,53.28,88,1,0.0
285,Evensk,RU,2021-11-09 12:06:47,61.95,159.2333,6.04,79,10,6.98
286,Mwense,ZM,2021-11-09 12:06:48,-10.3845,28.698,101.21,13,60,3.87
287,Akyab,MM,2021-11-09 12:06:48,20.15,92.9,81.88,73,12,8.46
288,Poum,NC,2021-11-09 12:06:48,-20.2333,164.0167,76.62,80,62,8.05
289,Bandarbeyla,SO,2021-11-09 12:06:49,9.4942,50.8122,81.9,66,29,16.73
290,Elizabeth City,US,2021-11-09 12:06:39,36.2946,-76.2511,51.82,87,1,3.44
291,Arman,RU,2021-11-09 12:06:49,59.7,150.1667,6.66,78,79,5.39
292,Polovinnoye,RU,2021-11-09 12:06:49,54.7914,65.9864,38.57,46,90,18.99
293,Portland,US,2021-11-09 12:05:43,45.5234,-122.6762,51.46,94,90,5.01
294,Omsukchan,RU,2021-11-09 12:06:50,62.5333,155.8,-12.3,93,5,3.09
295,Faanui,PF,2021-11-09 12:06:50,-16.4833,-151.75,78.28,77,27,8.97
296,Moyale,KE,2021-11-09 12:06:51,3.5167,39.0584,79.68,52,66,9.93
297,Porto Novo,BJ,2021-11-09 12:06:51,6.4965,2.6036,88.56,61,100,8.16
298,Casino,AU,2021-11-09 12:06:51,-28.8667,153.05,68.56,94,30,6.91
299,Qostanay,KZ,2021-11-09 12:06:52,53.1667,63.5833,43.09,56,75,17.9
300,Tefe,BR,2021-11-09 12:06:52,-3.3542,-64.7114,77.11,100,75,4.61
301,Alencon,FR,2021-11-09 12:06:52,48.4333,0.0833,56.88,68,41,2.77
302,Ginir,ET,2021-11-09 12:06:53,7.1333,40.7,69.04,49,78,7.4
303,Sao Joao Da Barra,BR,2021-11-09 12:05:41,-21.6403,-41.0511,75.29,79,100,0.13
304,Chany,RU,2021-11-09 12:06:53,55.3121,76.7647,31.1,66,43,12.84
305,Gimbi,ET,2021-11-09 12:06:54,9.1667,35.8333,68.5,62,93,1.01
306,Jacareacanga,BR,2021-11-09 12:06:54,-6.2222,-57.7528,76.62,85,100,1.21
307,Constitucion,CL,2021-11-09 12:02:08,-35.3333,-72.4167,59.18,78,100,4.21
308,Guasdualito,VE,2021-11-09 12:06:54,7.2424,-70.7324,74.3,89,97,3.56
309,Cravo Norte,CO,2021-11-09 12:06:55,6.3017,-70.2041,78.53,77,94,9.42
310,Chernyshevskiy,RU,2021-11-09 12:06:55,63.0128,112.4714,25.39,89,100,11.07
311,Touros,BR,2021-11-09 12:06:56,-5.1989,-35.4608,86.9,61,21,14.52
312,Kalmunai,LK,2021-11-09 12:06:56,7.4167,81.8167,79.02,86,91,12.01
313,Abha,SA,2021-11-09 12:06:56,18.2164,42.5053,70.05,23,20,9.22
314,Cidreira,BR,2021-11-09 12:06:57,-30.1811,-50.2056,68.0,58,1,4.16
315,Nsoko,SZ,2021-11-09 12:06:58,-27.0333,31.95,73.45,59,100,13.73
316,Olafsvik,IS,2021-11-09 12:06:58,64.8945,-23.7142,36.12,75,85,8.84
317,Morro Bay,US,2021-11-09 12:06:58,35.3658,-120.8499,59.74,67,95,3.0
318,Det Udom,TH,2021-11-09 12:06:59,14.906,105.0784,71.71,78,70,11.9
319,Road Town,VG,2021-11-09 12:06:58,18.4167,-64.6167,82.49,83,20,6.91
320,Mingshui,CN,2021-11-09 12:06:59,36.7167,117.5,38.21,74,2,5.77
321,Sassandra,CI,2021-11-09 12:07:00,4.95,-6.0833,85.3,70,82,7.56
322,Tilichiki,RU,2021-11-09 12:07:00,60.4667,166.1,12.99,95,99,5.23
323,Praia,CV,2021-11-09 12:02:18,14.9215,-23.5087,81.14,65,75,17.27
324,Anadyr,RU,2021-11-09 12:08:01,64.75,177.4833,15.69,94,98,5.21
325,Koforidua,GH,2021-11-09 12:08:01,6.0941,-0.2591,91.51,50,84,3.78
326,Inhambane,MZ,2021-11-09 12:08:02,-23.865,35.3833,84.74,68,6,12.17
327,Burnie,AU,2021-11-09 12:08:02,-41.0667,145.9167,49.46,88,59,7.34
328,Gwadar,PK,2021-11-09 12:08:03,25.1216,62.3254,82.67,39,0,9.48
329,Lavrentiya,RU,2021-11-09 12:08:03,65.5833,-171.0,9.21,80,25,6.44
330,Marzuq,YE,2021-11-09 12:08:03,14.4,46.4667,81.72,14,6,13.42
331,Matagami,CA,2021-11-09 12:08:04,49.7502,-77.6328,40.98,71,100,7.76
332,Sandur,IN,2021-11-09 12:08:04,15.1,76.55,76.71,51,69,6.71
333,Suntar,RU,2021-11-09 12:08:04,62.1444,117.6319,27.79,95,100,10.2
334,Leningradskiy,RU,2021-11-09 12:08:05,69.3833,178.4167,7.56,87,99,2.21
335,Bontang,ID,2021-11-09 12:08:05,0.1333,117.5,80.29,82,82,4.27
336,Port-Cartier,CA,2021-11-09 12:08:06,50.0334,-66.8654,44.82,92,100,8.99
337,Kargil,IN,2021-11-09 12:08:06,34.5667,76.1,29.53,44,18,3.09
338,Guider,CM,2021-11-09 12:08:07,9.9342,13.9486,99.77,11,15,7.9
339,Nador,MA,2021-11-09 12:08:07,35.174,-2.9287,66.45,42,20,5.75
340,Huarmey,PE,2021-11-09 12:08:07,-10.0681,-78.1522,64.18,87,52,6.06
341,Codrington,AU,2021-11-09 12:08:08,-38.2667,141.9667,51.94,80,98,7.11
342,Asau,RO,2021-11-09 12:08:09,46.4333,26.4,50.4,73,100,4.88
343,Bud,US,2021-11-09 12:08:09,39.447,-86.1758,50.9,79,47,6.82
344,Adrar,MR,2021-11-09 12:08:09,20.5022,-10.0711,78.93,15,93,15.14
345,Golpayegan,IR,2021-11-09 12:08:10,33.4537,50.2884,53.58,36,5,3.18
346,San Vicente,AR,2021-11-09 12:08:10,-26.6167,-54.1333,74.05,49,2,4.56
347,Cherskiy,RU,2021-11-09 12:08:10,68.75,161.3,-9.92,100,93,2.51
348,Haverfordwest,GB,2021-11-09 12:08:11,51.8017,-4.9691,58.15,95,100,5.01
349,Andros Town,BS,2021-11-09 12:08:11,24.7,-77.7667,71.56,55,34,11.79
350,Suicheng,CN,2021-11-09 12:08:12,33.8963,117.9331,44.42,61,0,7.49
351,Fernandez,AR,2021-11-09 12:08:12,-27.9204,-63.8935,72.64,65,100,7.16
352,Valparaiso,CL,2021-11-09 12:08:13,-33.0393,-71.6273,59.47,85,90,9.22
353,Takoradi,GH,2021-11-09 12:08:13,4.8845,-1.7554,85.42,69,86,8.21
354,Erdenet,MN,2021-11-09 12:08:13,49.0333,104.0833,20.01,69,6,4.12
355,Narasannapeta,IN,2021-11-09 12:08:14,18.4167,84.05,75.52,69,96,8.46
356,Pitimbu,BR,2021-11-09 12:08:14,-7.4706,-34.8086,84.79,63,31,13.62
357,Gazanjyk,TM,2021-11-09 12:08:15,39.2446,55.5154,59.61,26,0,10.38
358,Salihorsk,BY,2021-11-09 12:08:15,52.7876,27.5415,36.75,48,4,11.45
359,Ko Samui,TH,2021-11-09 12:07:57,9.5357,99.9357,82.58,79,94,11.45
360,Namatanai,PG,2021-11-09 12:08:15,-3.6667,152.4333,79.68,75,15,9.95
361,Montrose,US,2021-11-09 12:08:16,38.4166,-108.2673,41.34,49,9,5.55
362,Pumiao,CN,2021-11-09 12:08:16,22.75,108.4833,58.42,54,11,10.71
363,Alghero,IT,2021-11-09 12:08:17,40.5589,8.3181,69.89,56,20,11.5
364,Saint-Georges,GD,2021-11-09 12:08:17,12.0564,-61.7485,83.88,74,20,10.36
365,Boyuibe,BO,2021-11-09 12:08:17,-20.4167,-63.2833,75.36,61,78,3.91
366,Victoria,HK,2021-11-09 12:06:52,22.2855,114.1577,70.32,42,47,1.01
367,Otjiwarongo,NA,2021-11-09 12:08:18,-20.4637,16.6477,92.26,13,15,9.55
368,Atambua,ID,2021-11-09 12:08:19,-9.1061,124.8925,77.54,85,99,1.7
369,Pozo Colorado,PY,2021-11-09 12:08:19,-23.4923,-58.7972,83.8,44,74,4.5
370,Mitsamiouli,KM,2021-11-09 12:08:19,-11.3847,43.2844,82.8,76,57,6.73
371,Acajutla,SV,2021-11-09 12:09:20,13.5928,-89.8275,75.11,69,27,10.16
372,Saint George,US,2021-11-09 12:04:49,37.1041,-113.5841,62.35,50,1,3.44
373,Great Yarmouth,GB,2021-11-09 12:09:20,52.6083,1.7305,60.24,75,100,13.96
374,Bonavista,CA,2021-11-09 12:09:21,48.6499,-53.1147,43.12,84,98,5.84
375,Abaza,RU,2021-11-09 12:09:21,52.655,90.0928,26.82,91,95,4.03
376,Amapa,BR,2021-11-09 12:09:15,1.0,-52.0,76.42,90,99,3.27
377,San Juan,AR,2021-11-09 12:09:21,-31.5375,-68.5364,67.91,61,15,17.92
378,Puerto Leguizamo,CO,2021-11-09 12:09:22,-0.1934,-74.7819,73.89,95,100,3.65
379,Igarka,RU,2021-11-09 12:09:22,67.4667,86.5833,1.22,94,86,9.51
380,Kailua,US,2021-11-09 12:09:22,21.4022,-157.7394,76.98,72,90,5.75
381,Pointe Michel,DM,2021-11-09 12:09:23,15.25,-61.3833,79.66,75,14,6.49
382,Kikwit,CD,2021-11-09 12:09:23,-5.041,18.8162,92.77,44,60,1.1
383,Namie,JP,2021-11-09 12:09:24,37.4833,141.0,59.77,95,100,4.38
384,Mahibadhoo,MV,2021-11-09 12:09:24,3.7833,72.9667,82.09,81,67,16.31
385,Machali,CL,2021-11-09 12:09:25,-34.1833,-70.6667,63.68,59,0,1.14
386,Torbay,CA,2021-11-09 12:09:25,47.6666,-52.7314,42.28,96,100,1.99
387,Horsham,GB,2021-11-09 12:09:25,51.064,-0.3272,60.49,84,75,6.91
388,Boca Do Acre,BR,2021-11-09 12:09:26,-8.7522,-67.3978,77.32,88,100,0.51
389,Havelock,US,2021-11-09 12:09:27,34.8791,-76.9013,51.93,87,0,4.92
390,Aswan,EG,2021-11-09 12:09:28,24.0934,32.907,93.79,10,0,7.38
391,Linxia,CN,2021-11-09 12:09:28,35.6003,103.2064,29.79,59,0,3.06
392,Asopos,GR,2021-11-09 12:09:28,36.7333,22.8667,65.66,69,100,2.37
393,Tromso,NO,2021-11-09 12:09:29,69.6496,18.957,32.02,59,40,4.0
394,Trinidad,BO,2021-11-09 12:09:29,-14.8333,-64.9,78.55,66,100,3.24
395,Vardo,NO,2021-11-09 12:09:30,70.3705,31.1107,23.2,86,0,16.11
396,Panorama,GR,2021-11-09 12:09:30,40.5878,23.0315,65.08,69,75,1.01
397,Menongue,AO,2021-11-09 12:09:30,-14.6585,17.691,90.21,25,56,5.61
398,Castres,FR,2021-11-09 12:09:31,43.5833,2.1667,52.68,85,90,4.61
399,Voh,NC,2021-11-09 12:09:31,-20.9667,164.7,73.06,83,85,2.26
400,Rio Cuarto,AR,2021-11-09 12:09:31,-33.1307,-64.3499,60.73,88,96,7.87
401,Linqiong,CN,2021-11-09 12:09:32,30.4159,103.4609,52.5,59,17,1.9
402,Kondinskoye,RU,2021-11-09 12:09:32,59.6481,67.41,33.1,98,100,14.41
403,Coquimbo,CL,2021-11-09 12:09:32,-29.9533,-71.3436,55.13,100,90,10.36
404,Okhotsk,RU,2021-11-09 12:09:33,59.3833,143.3,3.18,79,26,8.52
405,Peniche,PT,2021-11-09 12:09:33,39.3558,-9.3811,70.74,80,8,9.26
406,Acapulco,MX,2021-11-09 12:09:33,16.8634,-99.8901,75.79,86,32,5.82
407,Nadvoitsy,RU,2021-11-09 12:09:34,63.8667,34.3167,25.2,82,11,5.5
408,Nanortalik,GL,2021-11-09 12:09:34,60.1432,-45.2371,20.89,80,18,13.73
409,Lamu,KE,2021-11-09 12:09:35,-2.2717,40.902,88.02,65,98,11.74
410,Ancud,CL,2021-11-09 12:09:35,-41.8697,-73.8203,60.33,77,0,1.41
411,Jalu,LY,2021-11-09 12:09:35,29.0331,21.5482,83.07,22,77,9.62
412,Yulara,AU,2021-11-09 12:09:36,-25.2406,130.9889,69.64,88,75,9.22
413,Visconde Do Rio Branco,BR,2021-11-09 12:06:37,-21.0103,-42.8406,73.81,48,100,2.8
414,Halifax,CA,2021-11-09 12:05:46,44.6453,-63.5724,42.22,93,0,3.31
415,Usinsk,RU,2021-11-09 12:09:37,65.9939,57.5281,12.27,96,30,6.96
416,Lago Da Pedra,BR,2021-11-09 12:09:37,-4.3333,-45.1667,75.7,89,100,3.33
417,Tanabe,JP,2021-11-09 12:10:37,33.7333,135.3667,57.22,74,57,15.68
418,Opochka,RU,2021-11-09 12:10:38,56.7105,28.6617,35.37,55,4,4.65
419,Shenjiamen,CN,2021-11-09 12:10:38,29.9576,122.298,54.18,55,56,19.84
420,Segezha,RU,2021-11-09 12:10:38,63.7415,34.3222,25.83,80,11,6.53
421,Bemidji,US,2021-11-09 12:10:39,47.4736,-94.8803,37.56,64,1,8.05
422,Sept-Iles,CA,2021-11-09 12:10:39,50.2001,-66.3821,45.12,95,90,1.01
423,Praya,CV,2021-11-09 12:10:40,14.9215,-23.5087,81.14,65,75,17.27
424,Perth,AU,2021-11-09 12:07:19,-31.9333,115.8333,65.66,52,0,8.05
425,Wanning,CN,2021-11-09 12:10:40,18.8003,110.3967,70.36,81,79,13.2
426,Kaeo,NZ,2021-11-09 12:10:41,-35.1,173.7833,57.33,93,58,3.04
427,Flin Flon,CA,2021-11-09 12:10:41,54.7682,-101.865,27.18,71,3,9.24
428,Pinega,RU,2021-11-09 12:10:41,64.7001,43.3936,26.2,85,16,7.05
429,Cangucu,BR,2021-11-09 12:10:42,-31.395,-52.6756,65.44,61,0,3.6
430,Chaman,PK,2021-11-09 12:10:42,30.9236,66.4512,66.06,21,0,9.71
431,Inverell,AU,2021-11-09 12:10:42,-29.7833,151.1167,67.15,81,29,1.01
432,Hondo,JP,2021-11-09 12:10:43,32.45,130.2,52.95,63,89,17.92
433,Obihiro,JP,2021-11-09 12:10:43,42.9172,143.2044,54.81,99,100,6.62
434,Mangan,IN,2021-11-09 12:10:44,27.5167,88.5333,62.02,86,19,2.73
435,Abu Kamal,SY,2021-11-09 12:10:44,34.4506,40.9171,76.12,9,0,2.95
436,Mufumbwe,ZM,2021-11-09 12:10:44,-13.6833,24.8,97.27,17,47,3.42
437,Warrington,GB,2021-11-09 12:10:45,53.3925,-2.5802,62.49,81,75,3.0
438,Correntina,BR,2021-11-09 12:10:45,-13.3433,-44.6367,78.26,75,91,3.36
439,Samarai,PG,2021-11-09 12:10:46,-10.6167,150.6667,83.05,77,63,12.33
440,Goderich,CA,2021-11-09 12:10:46,43.7501,-81.7165,50.92,79,93,9.01
441,Changzhou,CN,2021-11-09 12:06:30,31.7833,119.9667,50.99,44,86,12.01
442,Presidencia Roque Saenz Pena,AR,2021-11-09 12:10:47,-26.7852,-60.4388,77.56,51,16,8.1
443,Kasongo-Lunda,CD,2021-11-09 12:10:47,-6.4667,16.8167,90.14,51,99,3.65
444,Kitgum,UG,2021-11-09 12:10:48,3.2783,32.8867,81.82,48,79,6.62
445,Vila Velha,BR,2021-11-09 12:10:48,-20.3297,-40.2925,75.15,98,75,3.44
446,Lompoc,US,2021-11-09 12:10:48,34.6391,-120.4579,56.93,88,90,3.44
447,Kieta,PG,2021-11-09 12:10:49,-6.2167,155.6333,79.5,83,8,5.35
448,Huntsville,US,2021-11-09 12:08:15,34.7304,-86.5861,53.2,88,1,8.01
449,Tongzi,CN,2021-11-09 12:10:49,28.7829,105.0877,52.09,66,24,1.63
450,Carutapera,BR,2021-11-09 12:10:49,-1.195,-46.02,83.3,73,91,9.31
451,Karasjok,NO,2021-11-09 12:10:50,69.4719,25.5112,21.31,83,100,12.48
452,Port Augusta,AU,2021-11-09 12:10:50,-32.5,137.7667,59.14,62,100,14.14
453,Daru,PG,2021-11-09 12:10:51,-9.0763,143.2092,80.92,81,17,10.27
454,San Jose,US,2021-11-09 12:09:28,37.3394,-121.895,57.34,88,90,1.99
455,Pula,HR,2021-11-09 12:10:51,44.8683,13.8481,60.69,51,75,19.57
456,Moerai,PF,2021-11-09 12:10:52,-22.4333,-151.3333,73.63,75,21,21.23
457,San Matias,BO,2021-11-09 12:10:52,-16.3667,-58.4,76.3,88,91,1.16
458,Ghanzi,BW,2021-11-09 12:10:52,-21.5667,21.7833,87.94,14,63,6.85
459,Faya,SA,2021-11-09 12:10:53,18.3851,42.4509,70.32,30,9,6.67
460,Soverato,IT,2021-11-09 12:10:53,38.685,16.5499,69.75,86,100,5.44
461,Saryg-Sep,RU,2021-11-09 12:10:53,51.5,95.6,13.26,92,79,2.17
462,Zhezkazgan,KZ,2021-11-09 12:10:54,47.8043,67.7144,39.74,39,13,7.7
463,Kismayo,SO,2021-11-09 12:10:54,-0.3582,42.5454,83.75,65,86,13.29
464,Lebedinyy,RU,2021-11-09 12:10:55,58.5167,125.5167,21.2,92,99,8.77
465,Lorengau,PG,2021-11-09 12:10:55,-2.0226,147.2712,82.99,75,3,9.69
466,Artyom,AZ,2021-11-09 12:11:55,40.4723,50.333,60.94,73,25,23.91
467,Ilulissat,GL,2021-11-09 12:10:53,69.2167,-51.1,8.62,61,20,13.8
468,Nuuk,GL,2021-11-09 12:11:56,64.1835,-51.7216,20.01,73,20,12.66
469,Morondava,MG,2021-11-09 12:11:57,-20.2833,44.2833,85.8,65,75,12.17
470,Tairua,NZ,2021-11-09 12:11:57,-37.0167,175.85,63.09,87,3,4.52
471,Cairns,AU,2021-11-09 12:11:57,-16.9167,145.7667,82.35,85,75,2.3
472,Astrea,CO,2021-11-09 12:11:58,9.4983,-73.9759,74.17,96,87,1.5
473,Jepelacio,PE,2021-11-09 12:11:59,-6.1167,-76.95,66.4,93,75,1.25
474,Kamaishi,JP,2021-11-09 12:11:59,39.2667,141.8833,63.0,98,100,6.87
475,Huilong,CN,2021-11-09 12:11:59,31.8111,121.655,53.04,52,66,12.53
476,Juba,SS,2021-11-09 12:12:00,4.8517,31.5825,91.85,41,88,4.59
477,Vila,PT,2021-11-09 12:12:00,42.0304,-8.1588,58.33,63,38,3.83
478,Jinzhou,CN,2021-11-09 12:12:01,41.1078,121.1417,25.34,89,94,4.05
479,Namibe,AO,2021-11-09 12:12:01,-15.1961,12.1522,76.53,65,29,10.54
480,Chiredzi,ZW,2021-11-09 12:12:02,-21.05,31.6667,109.38,11,3,10.94
481,Aykhal,RU,2021-11-09 12:12:02,66.0,111.5,10.87,98,82,6.04
482,Kargasok,RU,2021-11-09 12:08:32,59.0556,80.8572,32.76,88,100,12.77
483,Surt,LY,2021-11-09 12:12:03,31.2089,16.5887,81.18,33,100,11.52
484,Cerqueira Cesar,BR,2021-11-09 12:12:03,-23.0356,-49.1661,73.29,60,47,8.43
485,Ullapool,GB,2021-11-09 12:12:04,57.8987,-5.1604,53.76,85,61,20.54
486,Wenatchee,US,2021-11-09 12:07:39,47.4235,-120.3103,42.28,92,90,1.99
487,Kichmengskiy Gorodok,RU,2021-11-09 12:12:04,59.9816,45.7854,26.24,74,85,11.3
488,Cruzeiro Do Sul,BR,2021-11-09 12:12:05,-29.5128,-51.9853,69.53,76,1,3.83
489,Karratha,AU,2021-11-09 12:12:05,-20.7377,116.8463,74.8,57,0,22.24
490,Sabha,LY,2021-11-09 12:12:06,27.0377,14.4283,80.65,17,100,9.95
491,Zhob,PK,2021-11-09 12:12:06,31.3411,69.4481,70.02,14,1,7.2
492,Ouahigouya,BF,2021-11-09 12:12:07,13.5828,-2.4216,96.53,13,11,6.55
493,Rognan,NO,2021-11-09 12:12:07,67.0953,15.3878,32.76,75,100,9.53
494,Hualmay,PE,2021-11-09 12:12:08,-11.0964,-77.6139,63.25,88,86,6.71
495,Mountain Home,US,2021-11-09 12:12:09,43.133,-115.6912,44.11,65,75,29.93
496,Gat,IL,2021-11-09 12:09:01,31.61,34.7642,86.92,18,2,10.07
497,Berlevag,NO,2021-11-09 12:12:09,70.8578,29.0864,22.95,68,0,16.11
498,Mabaruma,GY,2021-11-09 12:12:10,8.2,-59.7833,80.26,74,45,2.55
499,Hun,LY,2021-11-09 12:09:21,29.1268,15.9477,82.49,15,100,7.87
500,Leh,IN,2021-11-09 12:12:11,34.1667,77.5833,23.54,54,1,3.44
501,Sai Buri,TH,2021-11-09 12:12:11,6.7013,101.6168,79.57,84,72,6.38
502,Fort Dix,US,2021-11-09 12:12:12,40.0298,-74.6185,52.77,87,1,0.0
503,Lata,PT,2021-11-09 12:12:12,40.1629,-8.3327,71.49,48,22,5.68
504,La Sarre,CA,2021-11-09 12:12:13,48.8002,-79.1996,35.67,86,23,5.99
505,Novopokrovka,UA,2021-11-09 12:12:13,49.8425,36.5477,39.58,48,98,14.45
506,Port Lincoln,AU,2021-11-09 12:12:13,-34.7333,135.8667,56.14,70,70,16.33
507,Ambatondrazaka,MG,2021-11-09 12:12:14,-17.8333,48.4167,91.11,30,21,9.35
508,Hue,VN,2021-11-09 12:08:07,16.4667,107.6,67.06,96,100,6.89
509,Ixtapa,MX,2021-11-09 12:12:14,20.7,-105.2,74.23,86,42,3.62
510,Tigil,RU,2021-11-09 12:12:15,57.8,158.6667,23.86,94,98,10.16
511,Sao Jose Da Coroa Grande,BR,2021-11-09 12:12:15,-8.8978,-35.1478,82.47,68,43,13.78
512,Porto Torres,IT,2021-11-09 12:12:16,40.835,8.3972,69.98,57,38,17.31
513,Pemba,MZ,2021-11-09 12:12:16,-12.974,40.5178,83.77,73,5,17.11
514,Tezu,IN,2021-11-09 12:12:16,27.9167,96.1667,67.37,52,0,4.56
515,Lahaina,US,2021-11-09 12:13:17,20.8783,-156.6825,75.81,85,98,3.47
516,Krasnyye Baki,RU,2021-11-09 12:13:17,57.131,45.1599,32.47,84,100,13.85
517,Digras,IN,2021-11-09 12:13:18,20.1167,77.7167,73.63,46,88,5.61
518,Buin,CL,2021-11-09 12:13:18,-33.7333,-70.75,69.73,49,0,4.27
519,Hudson Bay,CA,2021-11-09 12:13:19,52.85,-102.3842,26.67,80,11,5.44
520,Jinka,ET,2021-11-09 12:13:19,5.65,36.65,75.81,56,95,0.49
521,Pasighat,IN,2021-11-09 12:08:22,28.0667,95.3333,67.69,62,0,3.65
522,Kovur,IN,2021-11-09 12:13:20,14.4833,79.9833,77.11,74,100,6.98
523,Bondo,CD,2021-11-09 12:13:20,3.8146,23.6866,93.83,36,45,3.2
524,Kavieng,PG,2021-11-09 12:13:21,-2.5744,150.7967,83.53,77,9,20.22
525,Ulladulla,AU,2021-11-09 12:13:21,-35.35,150.4667,65.3,94,24,3.09
526,Vanimo,PG,2021-11-09 12:13:22,-2.6741,141.3028,80.19,87,43,7.47
527,Iki-Burul,RU,2021-11-09 12:13:22,45.8208,44.6472,55.74,50,100,8.59
528,Bilma,NE,2021-11-09 12:13:23,18.6853,12.9164,92.32,9,52,7.9
529,Visby,SE,2021-11-09 12:13:23,57.6409,18.296,45.86,81,75,14.97
530,Wenling,CN,2021-11-09 12:13:24,28.3669,121.36,51.22,61,32,3.56
531,Port Moresby,PG,2021-11-09 12:12:00,-9.4431,147.1797,78.28,83,3,5.68
532,Ivanovka,KG,2021-11-09 12:13:24,42.8878,75.085,45.03,80,90,0.58
533,Gorontalo,ID,2021-11-09 12:13:25,0.5412,123.0595,76.82,94,100,2.82
534,Miri,MY,2021-11-09 12:13:25,4.4148,114.0089,79.43,87,100,3.76
535,Sri Aman,MY,2021-11-09 12:13:25,1.2376,111.4621,75.97,98,99,2.21
536,Saint-Ambroise,CA,2021-11-09 12:13:26,48.5501,-71.3324,48.88,77,100,11.45
537,Boffa,GN,2021-11-09 12:13:26,10.1667,-14.0333,86.5,61,54,3.24
538,Mandla,IN,2021-11-09 12:13:26,22.6,80.3833,69.73,45,3,5.97
539,Marsa Matruh,EG,2021-11-09 12:13:27,31.3525,27.2453,75.7,62,66,8.32
540,Winnemucca,US,2021-11-09 12:13:27,40.973,-117.7357,48.25,61,90,5.75
541,Ponta Do Sol,PT,2021-11-09 12:13:28,32.6667,-17.1,76.71,63,10,1.97
542,Palm Harbor,US,2021-11-09 12:13:28,28.0781,-82.7637,60.62,65,1,4.61
543,Alta Floresta,BR,2021-11-09 12:13:23,-9.8756,-56.0861,71.58,96,100,2.82
544,Katobu,ID,2021-11-09 12:13:29,-4.9408,122.5276,77.63,91,100,1.97
545,Yar-Sale,RU,2021-11-09 12:13:29,66.8333,70.8333,3.88,95,9,0.85
546,Mehamn,NO,2021-11-09 12:13:29,71.0357,27.8492,28.58,77,100,12.12
547,Southbridge,US,2021-11-09 12:13:30,42.0751,-72.0334,49.6,84,0,4.68
548,Marawi,PH,2021-11-09 12:13:30,7.9986,124.2928,68.65,97,100,2.17
549,Ulaanbaatar,MN,2021-11-09 12:12:38,47.9077,106.8832,14.13,73,0,2.24
550,Tiznit,MA,2021-11-09 12:13:31,29.5833,-9.5,68.22,14,0,4.36
551,Waitati,NZ,2021-11-09 12:13:32,-45.75,170.5667,57.79,90,100,1.95
552,Mareeba,AU,2021-11-09 12:13:32,-17.0,145.4333,77.72,91,87,3.53
553,Hammerfest,NO,2021-11-09 12:13:32,70.6634,23.6821,31.73,74,20,20.71
554,Chandbali,IN,2021-11-09 12:13:33,20.7833,86.7667,73.33,64,10,5.97
555,Las Margaritas,MX,2021-11-09 12:13:34,16.3167,-91.9833,47.32,97,21,4.92
556,Hirado,JP,2021-11-09 12:13:34,33.3597,129.5531,52.36,64,96,26.82
557,Bereznik,RU,2021-11-09 12:13:35,62.8551,42.7072,26.37,82,16,6.64
558,Damara,CF,2021-11-09 12:13:35,4.9608,18.7035,88.81,49,98,4.7
559,Mandalgovi,MN,2021-11-09 12:13:35,45.7625,106.2708,27.0,47,6,12.46
560,Worland,US,2021-11-09 12:13:36,44.0169,-107.9554,34.56,93,1,4.61
561,Nagato,JP,2021-11-09 12:13:36,34.3833,131.2,51.21,68,95,19.77
562,Isangel,VU,2021-11-09 12:14:37,-19.55,169.2667,76.87,85,80,6.67
563,Virginia Beach,US,2021-11-09 12:10:53,36.8529,-75.978,51.03,81,1,4.61
564,Egvekinot,RU,2021-11-09 12:14:37,66.3167,-179.1667,6.08,96,87,5.35
565,Aguie,NE,2021-11-09 12:14:38,13.506,7.7786,95.97,12,2,5.53
566,Poddorye,RU,2021-11-09 12:14:38,57.4695,31.1156,33.93,67,6,6.6
567,Henties Bay,NA,2021-11-09 12:14:38,-22.116,14.2845,64.85,65,7,9.93
568,Souillac,MU,2021-11-09 12:14:39,-20.5167,57.5167,80.37,69,43,10.87
569,Vila Do Maio,CV,2021-11-09 12:14:40,15.1333,-23.2167,81.39,73,100,13.2
570,Luau,AO,2021-11-09 12:14:40,-10.7073,22.2247,89.73,29,48,4.18
571,Verkhnyaya Inta,RU,2021-11-09 12:14:41,65.9811,60.3094,5.27,91,12,5.06
572,Teya,RU,2021-11-09 12:14:42,60.3778,92.6267,29.34,91,99,9.44
573,Ohara,JP,2021-11-09 12:14:42,35.25,140.3833,65.01,89,55,15.73
574,The Valley,AI,2021-11-09 12:14:42,18.217,-63.0578,83.1,71,92,13.42
